"","region","scenario","sector","Units","year","emission","value","year "
"1","China","1p5","iron and steel","MTCO2",1990,"value",212.857619333333,"1990"
"2","China","1p5 delay","iron and steel","MTCO2",1990,"value",212.857619333333,"1990"
"3","China","Ref","iron and steel","MTCO2",1990,"value",212.857619333333,"1990"
"4","China","1p5","iron and steel","MTCO2",2005,"value",789.594946576475,"2005"
"5","China","1p5 delay","iron and steel","MTCO2",2005,"value",789.594946576475,"2005"
"6","China","Ref","iron and steel","MTCO2",2005,"value",789.594946576475,"2005"
"7","China","1p5","iron and steel","MTCO2",2010,"value",1353.44089716012,"2010"
"8","China","1p5 delay","iron and steel","MTCO2",2010,"value",1353.44089716012,"2010"
"9","China","Ref","iron and steel","MTCO2",2010,"value",1353.44089716012,"2010"
"10","China","1p5","iron and steel","MTCO2",2015,"value",1600.98110444694,"2015"
"11","China","1p5 delay","iron and steel","MTCO2",2015,"value",1600.98110444694,"2015"
"12","China","Ref","iron and steel","MTCO2",2015,"value",1600.98110444694,"2015"
"13","China","1p5","iron and steel","MTCO2",2020,"value",2052.78082757087,"2020"
"14","China","1p5 delay","iron and steel","MTCO2",2020,"value",2052.78082752893,"2020"
"15","China","Ref","iron and steel","MTCO2",2020,"value",2108.24169595292,"2020"
"16","China","1p5","iron and steel","MTCO2",2025,"value",1622.00744423566,"2025"
"17","China","1p5 delay","iron and steel","MTCO2",2025,"value",1952.8006546338,"2025"
"18","China","Ref","iron and steel","MTCO2",2025,"value",2158.33797390544,"2025"
"19","China","1p5","iron and steel","MTCO2",2030,"value",994.925580927788,"2030"
"20","China","1p5 delay","iron and steel","MTCO2",2030,"value",1657.47674331281,"2030"
"21","China","Ref","iron and steel","MTCO2",2030,"value",2086.51687270004,"2030"
"22","China","1p5","iron and steel","MTCO2",2035,"value",402.208097641827,"2035"
"23","China","1p5 delay","iron and steel","MTCO2",2035,"value",929.935231384441,"2035"
"24","China","Ref","iron and steel","MTCO2",2035,"value",1945.76761429396,"2035"
"25","China","1p5","iron and steel","MTCO2",2040,"value",122.857349850776,"2040"
"26","China","1p5 delay","iron and steel","MTCO2",2040,"value",447.135421736398,"2040"
"27","China","Ref","iron and steel","MTCO2",2040,"value",1816.00652028672,"2040"
"28","China","1p5","iron and steel","MTCO2",2045,"value",42.1638336576559,"2045"
"29","China","1p5 delay","iron and steel","MTCO2",2045,"value",49.1208628400989,"2045"
"30","China","Ref","iron and steel","MTCO2",2045,"value",1662.80583212418,"2045"
"31","China","1p5","iron and steel","MTCO2",2050,"value",18.8452610518889,"2050"
"32","China","1p5 delay","iron and steel","MTCO2",2050,"value",17.9516594650924,"2050"
"33","China","Ref","iron and steel","MTCO2",2050,"value",1496.44913031208,"2050"
"34","China","1p5","iron and steel","MTCO2",2065,"value",0,"2065"
"35","China","1p5 delay","iron and steel","MTCO2",2065,"value",0,"2065"
"36","China","Ref","iron and steel","MTCO2",2065,"value",0,"2065"
"37","China","1p5","iron and steel","MTCO2",2080,"value",0,"2080"
"38","China","1p5 delay","iron and steel","MTCO2",2080,"value",0,"2080"
"39","China","Ref","iron and steel","MTCO2",2080,"value",0,"2080"
"40","China","1p5","iron and steel","MTCO2",2095,"value",0,"2095"
"41","China","1p5 delay","iron and steel","MTCO2",2095,"value",0,"2095"
"42","China","Ref","iron and steel","MTCO2",2095,"value",0,"2095"
"43","EU-27","1p5","iron and steel","MTCO2",1990,"value",318.456406473981,"1990"
"44","EU-27","1p5 delay","iron and steel","MTCO2",1990,"value",318.456406473981,"1990"
"45","EU-27","Ref","iron and steel","MTCO2",1990,"value",318.456406473981,"1990"
"46","EU-27","1p5","iron and steel","MTCO2",2005,"value",218.593651446085,"2005"
"47","EU-27","1p5 delay","iron and steel","MTCO2",2005,"value",218.593651446085,"2005"
"48","EU-27","Ref","iron and steel","MTCO2",2005,"value",218.593651446085,"2005"
"49","EU-27","1p5","iron and steel","MTCO2",2010,"value",184.557419815369,"2010"
"50","EU-27","1p5 delay","iron and steel","MTCO2",2010,"value",184.557419815369,"2010"
"51","EU-27","Ref","iron and steel","MTCO2",2010,"value",184.557419815369,"2010"
"52","EU-27","1p5","iron and steel","MTCO2",2015,"value",173.42559067704,"2015"
"53","EU-27","1p5 delay","iron and steel","MTCO2",2015,"value",173.42559067704,"2015"
"54","EU-27","Ref","iron and steel","MTCO2",2015,"value",173.42559067704,"2015"
"55","EU-27","1p5","iron and steel","MTCO2",2020,"value",175.668114880345,"2020"
"56","EU-27","1p5 delay","iron and steel","MTCO2",2020,"value",175.668114002792,"2020"
"57","EU-27","Ref","iron and steel","MTCO2",2020,"value",178.461545116319,"2020"
"58","EU-27","1p5","iron and steel","MTCO2",2025,"value",139.351079679749,"2025"
"59","EU-27","1p5 delay","iron and steel","MTCO2",2025,"value",167.239925671548,"2025"
"60","EU-27","Ref","iron and steel","MTCO2",2025,"value",188.024317167007,"2025"
"61","EU-27","1p5","iron and steel","MTCO2",2030,"value",89.6598078347342,"2030"
"62","EU-27","1p5 delay","iron and steel","MTCO2",2030,"value",145.049131315393,"2030"
"63","EU-27","Ref","iron and steel","MTCO2",2030,"value",189.793053213901,"2030"
"64","EU-27","1p5","iron and steel","MTCO2",2035,"value",44.7011214476242,"2035"
"65","EU-27","1p5 delay","iron and steel","MTCO2",2035,"value",90.8496321118992,"2035"
"66","EU-27","Ref","iron and steel","MTCO2",2035,"value",187.342763638152,"2035"
"67","EU-27","1p5","iron and steel","MTCO2",2040,"value",20.7270089509472,"2040"
"68","EU-27","1p5 delay","iron and steel","MTCO2",2040,"value",54.359399578845,"2040"
"69","EU-27","Ref","iron and steel","MTCO2",2040,"value",184.19628921903,"2040"
"70","EU-27","1p5","iron and steel","MTCO2",2045,"value",5.85617446892491,"2045"
"71","EU-27","1p5 delay","iron and steel","MTCO2",2045,"value",10.4169300317076,"2045"
"72","EU-27","Ref","iron and steel","MTCO2",2045,"value",179.906331392372,"2045"
"73","EU-27","1p5","iron and steel","MTCO2",2050,"value",3.05492833645843,"2050"
"74","EU-27","1p5 delay","iron and steel","MTCO2",2050,"value",2.72227673774284,"2050"
"75","EU-27","Ref","iron and steel","MTCO2",2050,"value",174.645456464225,"2050"
"76","EU-27","1p5","iron and steel","MTCO2",2065,"value",0,"2065"
"77","EU-27","1p5 delay","iron and steel","MTCO2",2065,"value",0,"2065"
"78","EU-27","Ref","iron and steel","MTCO2",2065,"value",0,"2065"
"79","EU-27","1p5","iron and steel","MTCO2",2080,"value",0,"2080"
"80","EU-27","1p5 delay","iron and steel","MTCO2",2080,"value",0,"2080"
"81","EU-27","Ref","iron and steel","MTCO2",2080,"value",0,"2080"
"82","EU-27","1p5","iron and steel","MTCO2",2095,"value",0,"2095"
"83","EU-27","1p5 delay","iron and steel","MTCO2",2095,"value",0,"2095"
"84","EU-27","Ref","iron and steel","MTCO2",2095,"value",0,"2095"
"85","Global","1p5","iron and steel","MTCO2",1990,"value",1394.23405921435,"1990"
"86","Global","1p5 delay","iron and steel","MTCO2",1990,"value",1394.23405921435,"1990"
"87","Global","Ref","iron and steel","MTCO2",1990,"value",1394.23405921435,"1990"
"88","Global","1p5","iron and steel","MTCO2",2005,"value",1773.60592726558,"2005"
"89","Global","1p5 delay","iron and steel","MTCO2",2005,"value",1773.60592723872,"2005"
"90","Global","Ref","iron and steel","MTCO2",2005,"value",1773.6059271881,"2005"
"91","Global","1p5","iron and steel","MTCO2",2010,"value",2407.04336863283,"2010"
"92","Global","1p5 delay","iron and steel","MTCO2",2010,"value",2407.04336620019,"2010"
"93","Global","Ref","iron and steel","MTCO2",2010,"value",2407.04336620019,"2010"
"94","Global","1p5","iron and steel","MTCO2",2015,"value",2832.45585003857,"2015"
"95","Global","1p5 delay","iron and steel","MTCO2",2015,"value",2832.45584794581,"2015"
"96","Global","Ref","iron and steel","MTCO2",2015,"value",2832.45584794581,"2015"
"97","Global","1p5","iron and steel","MTCO2",2020,"value",3371.12388925013,"2020"
"98","Global","1p5 delay","iron and steel","MTCO2",2020,"value",3371.12383223504,"2020"
"99","Global","Ref","iron and steel","MTCO2",2020,"value",3446.52936661416,"2020"
"100","Global","1p5","iron and steel","MTCO2",2025,"value",2637.31016947596,"2025"
"101","Global","1p5 delay","iron and steel","MTCO2",2025,"value",3404.63309198114,"2025"
"102","Global","Ref","iron and steel","MTCO2",2025,"value",3767.95508605028,"2025"
"103","Global","1p5","iron and steel","MTCO2",2030,"value",1651.0824900772,"2030"
"104","Global","1p5 delay","iron and steel","MTCO2",2030,"value",3096.29155109838,"2030"
"105","Global","Ref","iron and steel","MTCO2",2030,"value",3886.38990418573,"2030"
"106","Global","1p5","iron and steel","MTCO2",2035,"value",788.663378669106,"2035"
"107","Global","1p5 delay","iron and steel","MTCO2",2035,"value",1832.58829070031,"2035"
"108","Global","Ref","iron and steel","MTCO2",2035,"value",3897.34198848831,"2035"
"109","Global","1p5","iron and steel","MTCO2",2040,"value",366.008564097588,"2040"
"110","Global","1p5 delay","iron and steel","MTCO2",2040,"value",971.151111350365,"2040"
"111","Global","Ref","iron and steel","MTCO2",2040,"value",3886.65127936599,"2040"
"112","Global","1p5","iron and steel","MTCO2",2045,"value",142.614745909134,"2045"
"113","Global","1p5 delay","iron and steel","MTCO2",2045,"value",245.450107331314,"2045"
"114","Global","Ref","iron and steel","MTCO2",2045,"value",3807.57494611759,"2045"
"115","Global","1p5","iron and steel","MTCO2",2050,"value",56.7820830071126,"2050"
"116","Global","1p5 delay","iron and steel","MTCO2",2050,"value",53.8058479201751,"2050"
"117","Global","Ref","iron and steel","MTCO2",2050,"value",3673.01936166632,"2050"
"118","Global","1p5","iron and steel","MTCO2",2065,"value",0,"2065"
"119","Global","1p5 delay","iron and steel","MTCO2",2065,"value",0,"2065"
"120","Global","Ref","iron and steel","MTCO2",2065,"value",0,"2065"
"121","Global","1p5","iron and steel","MTCO2",2080,"value",0,"2080"
"122","Global","1p5 delay","iron and steel","MTCO2",2080,"value",0,"2080"
"123","Global","Ref","iron and steel","MTCO2",2080,"value",0,"2080"
"124","Global","1p5","iron and steel","MTCO2",2095,"value",0,"2095"
"125","Global","1p5 delay","iron and steel","MTCO2",2095,"value",0,"2095"
"126","Global","Ref","iron and steel","MTCO2",2095,"value",0,"2095"
"127","India","1p5","iron and steel","MTCO2",1990,"value",54.8438025666667,"1990"
"128","India","1p5 delay","iron and steel","MTCO2",1990,"value",54.8438025666667,"1990"
"129","India","Ref","iron and steel","MTCO2",1990,"value",54.8438025666667,"1990"
"130","India","1p5","iron and steel","MTCO2",2005,"value",108.553632742726,"2005"
"131","India","1p5 delay","iron and steel","MTCO2",2005,"value",108.553632742726,"2005"
"132","India","Ref","iron and steel","MTCO2",2005,"value",108.553632742726,"2005"
"133","India","1p5","iron and steel","MTCO2",2010,"value",175.547375188704,"2010"
"134","India","1p5 delay","iron and steel","MTCO2",2010,"value",175.547375188704,"2010"
"135","India","Ref","iron and steel","MTCO2",2010,"value",175.547375188704,"2010"
"136","India","1p5","iron and steel","MTCO2",2015,"value",267.220001452556,"2015"
"137","India","1p5 delay","iron and steel","MTCO2",2015,"value",267.220001452556,"2015"
"138","India","Ref","iron and steel","MTCO2",2015,"value",267.220001452556,"2015"
"139","India","1p5","iron and steel","MTCO2",2020,"value",336.199341480355,"2020"
"140","India","1p5 delay","iron and steel","MTCO2",2020,"value",336.19934184023,"2020"
"141","India","Ref","iron and steel","MTCO2",2020,"value",346.167581548193,"2020"
"142","India","1p5","iron and steel","MTCO2",2025,"value",266.67678076938,"2025"
"143","India","1p5 delay","iron and steel","MTCO2",2025,"value",513.642852985915,"2025"
"144","India","Ref","iron and steel","MTCO2",2025,"value",585.118281173519,"2025"
"145","India","1p5","iron and steel","MTCO2",2030,"value",180.416432641129,"2030"
"146","India","1p5 delay","iron and steel","MTCO2",2030,"value",597.09008647757,"2030"
"147","India","Ref","iron and steel","MTCO2",2030,"value",760.597212634448,"2030"
"148","India","1p5","iron and steel","MTCO2",2035,"value",142.625342214229,"2035"
"149","India","1p5 delay","iron and steel","MTCO2",2035,"value",368.95603590659,"2035"
"150","India","Ref","iron and steel","MTCO2",2035,"value",908.005964721689,"2035"
"151","India","1p5","iron and steel","MTCO2",2040,"value",112.74581053532,"2040"
"152","India","1p5 delay","iron and steel","MTCO2",2040,"value",197.172684521731,"2040"
"153","India","Ref","iron and steel","MTCO2",2040,"value",1020.81211965468,"2040"
"154","India","1p5","iron and steel","MTCO2",2045,"value",44.1861911212529,"2045"
"155","India","1p5 delay","iron and steel","MTCO2",2045,"value",101.273145379942,"2045"
"156","India","Ref","iron and steel","MTCO2",2045,"value",1097.28609595357,"2045"
"157","India","1p5","iron and steel","MTCO2",2050,"value",15.0912462158021,"2050"
"158","India","1p5 delay","iron and steel","MTCO2",2050,"value",13.6686091369454,"2050"
"159","India","Ref","iron and steel","MTCO2",2050,"value",1136.82968997927,"2050"
"160","India","1p5","iron and steel","MTCO2",2065,"value",0,"2065"
"161","India","1p5 delay","iron and steel","MTCO2",2065,"value",0,"2065"
"162","India","Ref","iron and steel","MTCO2",2065,"value",0,"2065"
"163","India","1p5","iron and steel","MTCO2",2080,"value",0,"2080"
"164","India","1p5 delay","iron and steel","MTCO2",2080,"value",0,"2080"
"165","India","Ref","iron and steel","MTCO2",2080,"value",0,"2080"
"166","India","1p5","iron and steel","MTCO2",2095,"value",0,"2095"
"167","India","1p5 delay","iron and steel","MTCO2",2095,"value",0,"2095"
"168","India","Ref","iron and steel","MTCO2",2095,"value",0,"2095"
"169","Japan","1p5","iron and steel","MTCO2",1990,"value",177.443834876753,"1990"
"170","Japan","1p5 delay","iron and steel","MTCO2",1990,"value",177.443834876753,"1990"
"171","Japan","Ref","iron and steel","MTCO2",1990,"value",177.443834876753,"1990"
"172","Japan","1p5","iron and steel","MTCO2",2005,"value",162.064115805065,"2005"
"173","Japan","1p5 delay","iron and steel","MTCO2",2005,"value",162.064115805065,"2005"
"174","Japan","Ref","iron and steel","MTCO2",2005,"value",162.064115805065,"2005"
"175","Japan","1p5","iron and steel","MTCO2",2010,"value",164.406370830829,"2010"
"176","Japan","1p5 delay","iron and steel","MTCO2",2010,"value",164.406370830829,"2010"
"177","Japan","Ref","iron and steel","MTCO2",2010,"value",164.406370830829,"2010"
"178","Japan","1p5","iron and steel","MTCO2",2015,"value",154.390642669409,"2015"
"179","Japan","1p5 delay","iron and steel","MTCO2",2015,"value",154.390642669409,"2015"
"180","Japan","Ref","iron and steel","MTCO2",2015,"value",154.390642669409,"2015"
"181","Japan","1p5","iron and steel","MTCO2",2020,"value",145.427468359434,"2020"
"182","Japan","1p5 delay","iron and steel","MTCO2",2020,"value",145.427468367291,"2020"
"183","Japan","Ref","iron and steel","MTCO2",2020,"value",146.127545511308,"2020"
"184","Japan","1p5","iron and steel","MTCO2",2025,"value",110.036912603207,"2025"
"185","Japan","1p5 delay","iron and steel","MTCO2",2025,"value",130.958121331151,"2025"
"186","Japan","Ref","iron and steel","MTCO2",2025,"value",144.004825293978,"2025"
"187","Japan","1p5","iron and steel","MTCO2",2030,"value",70.2959674263079,"2030"
"188","Japan","1p5 delay","iron and steel","MTCO2",2030,"value",114.582884978372,"2030"
"189","Japan","Ref","iron and steel","MTCO2",2030,"value",138.812991439262,"2030"
"190","Japan","1p5","iron and steel","MTCO2",2035,"value",33.8509394600102,"2035"
"191","Japan","1p5 delay","iron and steel","MTCO2",2035,"value",71.7801809339028,"2035"
"192","Japan","Ref","iron and steel","MTCO2",2035,"value",133.704668147074,"2035"
"193","Japan","1p5","iron and steel","MTCO2",2040,"value",15.1513988667336,"2040"
"194","Japan","1p5 delay","iron and steel","MTCO2",2040,"value",42.9258163096078,"2040"
"195","Japan","Ref","iron and steel","MTCO2",2040,"value",128.94142641275,"2040"
"196","Japan","1p5","iron and steel","MTCO2",2045,"value",6.40170735277558,"2045"
"197","Japan","1p5 delay","iron and steel","MTCO2",2045,"value",8.61246339220592,"2045"
"198","Japan","Ref","iron and steel","MTCO2",2045,"value",123.904715555118,"2045"
"199","Japan","1p5","iron and steel","MTCO2",2050,"value",3.61400209883113,"2050"
"200","Japan","1p5 delay","iron and steel","MTCO2",2050,"value",3.64735281829065,"2050"
"201","Japan","Ref","iron and steel","MTCO2",2050,"value",119.135925130271,"2050"
"202","Japan","1p5","iron and steel","MTCO2",2065,"value",0,"2065"
"203","Japan","1p5 delay","iron and steel","MTCO2",2065,"value",0,"2065"
"204","Japan","Ref","iron and steel","MTCO2",2065,"value",0,"2065"
"205","Japan","1p5","iron and steel","MTCO2",2080,"value",0,"2080"
"206","Japan","1p5 delay","iron and steel","MTCO2",2080,"value",0,"2080"
"207","Japan","Ref","iron and steel","MTCO2",2080,"value",0,"2080"
"208","Japan","1p5","iron and steel","MTCO2",2095,"value",0,"2095"
"209","Japan","1p5 delay","iron and steel","MTCO2",2095,"value",0,"2095"
"210","Japan","Ref","iron and steel","MTCO2",2095,"value",0,"2095"
"211","ROW","1p5","iron and steel","MTCO2",1990,"value",496.304414630286,"1990"
"212","ROW","1p5 delay","iron and steel","MTCO2",1990,"value",496.304414630286,"1990"
"213","ROW","Ref","iron and steel","MTCO2",1990,"value",496.304414630286,"1990"
"214","ROW","1p5","iron and steel","MTCO2",2005,"value",405.54459295806,"2005"
"215","ROW","1p5 delay","iron and steel","MTCO2",2005,"value",405.544592938365,"2005"
"216","ROW","Ref","iron and steel","MTCO2",2005,"value",405.544592938365,"2005"
"217","ROW","1p5","iron and steel","MTCO2",2010,"value",448.781030458129,"2010"
"218","ROW","1p5 delay","iron and steel","MTCO2",2010,"value",448.781028597056,"2010"
"219","ROW","Ref","iron and steel","MTCO2",2010,"value",448.781028597056,"2010"
"220","ROW","1p5","iron and steel","MTCO2",2015,"value",476.250163800421,"2015"
"221","ROW","1p5 delay","iron and steel","MTCO2",2015,"value",476.250161919039,"2015"
"222","ROW","Ref","iron and steel","MTCO2",2015,"value",476.250161919039,"2015"
"223","ROW","1p5","iron and steel","MTCO2",2020,"value",492.484452329835,"2020"
"224","ROW","1p5 delay","iron and steel","MTCO2",2020,"value",492.484397473319,"2020"
"225","ROW","Ref","iron and steel","MTCO2",2020,"value",496.813615705981,"2020"
"226","ROW","1p5","iron and steel","MTCO2",2025,"value",375.953667201241,"2025"
"227","ROW","1p5 delay","iron and steel","MTCO2",2025,"value",484.756511880343,"2025"
"228","ROW","Ref","iron and steel","MTCO2",2025,"value",520.442072937808,"2025"
"229","ROW","1p5","iron and steel","MTCO2",2030,"value",243.897952645252,"2030"
"230","ROW","1p5 delay","iron and steel","MTCO2",2030,"value",446.361474574312,"2030"
"231","ROW","Ref","iron and steel","MTCO2",2030,"value",539.172763601352,"2030"
"232","ROW","1p5","iron and steel","MTCO2",2035,"value",134.16495194905,"2035"
"233","ROW","1p5 delay","iron and steel","MTCO2",2035,"value",290.471341139819,"2035"
"234","ROW","Ref","iron and steel","MTCO2",2035,"value",553.376420580252,"2035"
"235","ROW","1p5","iron and steel","MTCO2",2040,"value",80.789689908827,"2040"
"236","ROW","1p5 delay","iron and steel","MTCO2",2040,"value",185.27538642983,"2040"
"237","ROW","Ref","iron and steel","MTCO2",2040,"value",571.243503014603,"2040"
"238","ROW","1p5","iron and steel","MTCO2",2045,"value",39.1945781326086,"2045"
"239","ROW","1p5 delay","iron and steel","MTCO2",2045,"value",67.383769291555,"2045"
"240","ROW","Ref","iron and steel","MTCO2",2045,"value",583.892790493134,"2045"
"241","ROW","1p5","iron and steel","MTCO2",2050,"value",14.6395087211249,"2050"
"242","ROW","1p5 delay","iron and steel","MTCO2",2050,"value",14.5178076522764,"2050"
"243","ROW","Ref","iron and steel","MTCO2",2050,"value",592.766807956316,"2050"
"244","ROW","1p5","iron and steel","MTCO2",2065,"value",0,"2065"
"245","ROW","1p5 delay","iron and steel","MTCO2",2065,"value",0,"2065"
"246","ROW","Ref","iron and steel","MTCO2",2065,"value",0,"2065"
"247","ROW","1p5","iron and steel","MTCO2",2080,"value",0,"2080"
"248","ROW","1p5 delay","iron and steel","MTCO2",2080,"value",0,"2080"
"249","ROW","Ref","iron and steel","MTCO2",2080,"value",0,"2080"
"250","ROW","1p5","iron and steel","MTCO2",2095,"value",0,"2095"
"251","ROW","1p5 delay","iron and steel","MTCO2",2095,"value",0,"2095"
"252","ROW","Ref","iron and steel","MTCO2",2095,"value",0,"2095"
"253","South Korea","1p5","iron and steel","MTCO2",1990,"value",27.038264,"1990"
"254","South Korea","1p5 delay","iron and steel","MTCO2",1990,"value",27.038264,"1990"
"255","South Korea","Ref","iron and steel","MTCO2",1990,"value",27.038264,"1990"
"256","South Korea","1p5","iron and steel","MTCO2",2005,"value",3.75674331364855,"2005"
"257","South Korea","1p5 delay","iron and steel","MTCO2",2005,"value",3.75674330647804,"2005"
"258","South Korea","Ref","iron and steel","MTCO2",2005,"value",3.75674330647804,"2005"
"259","South Korea","1p5","iron and steel","MTCO2",2010,"value",4.31467537116635,"2010"
"260","South Korea","1p5 delay","iron and steel","MTCO2",2010,"value",4.31467479959734,"2010"
"261","South Korea","Ref","iron and steel","MTCO2",2010,"value",4.31467479959734,"2010"
"262","South Korea","1p5","iron and steel","MTCO2",2015,"value",89.0607083789295,"2015"
"263","South Korea","1p5 delay","iron and steel","MTCO2",2015,"value",89.0607081675508,"2015"
"264","South Korea","Ref","iron and steel","MTCO2",2015,"value",89.0607081675508,"2015"
"265","South Korea","1p5","iron and steel","MTCO2",2020,"value",90.5896643887315,"2020"
"266","South Korea","1p5 delay","iron and steel","MTCO2",2020,"value",90.5896627819175,"2020"
"267","South Korea","Ref","iron and steel","MTCO2",2020,"value",92.2205867438165,"2020"
"268","South Korea","1p5","iron and steel","MTCO2",2025,"value",68.7937831852394,"2025"
"269","South Korea","1p5 delay","iron and steel","MTCO2",2025,"value",85.1375805539369,"2025"
"270","South Korea","Ref","iron and steel","MTCO2",2025,"value",91.3712049899071,"2025"
"271","South Korea","1p5","iron and steel","MTCO2",2030,"value",42.4030548764235,"2030"
"272","South Korea","1p5 delay","iron and steel","MTCO2",2030,"value",77.030947731297,"2030"
"273","South Korea","Ref","iron and steel","MTCO2",2030,"value",89.7414383487549,"2030"
"274","South Korea","1p5","iron and steel","MTCO2",2035,"value",20.3880078101877,"2035"
"275","South Korea","1p5 delay","iron and steel","MTCO2",2035,"value",48.6020602770169,"2035"
"276","South Korea","Ref","iron and steel","MTCO2",2035,"value",86.8394717144179,"2035"
"277","South Korea","1p5","iron and steel","MTCO2",2040,"value",10.6469001249707,"2040"
"278","South Korea","1p5 delay","iron and steel","MTCO2",2040,"value",28.9634499234727,"2040"
"279","South Korea","Ref","iron and steel","MTCO2",2040,"value",82.6796902714889,"2040"
"280","South Korea","1p5","iron and steel","MTCO2",2045,"value",3.25805146708694,"2045"
"281","South Korea","1p5 delay","iron and steel","MTCO2",2045,"value",6.85055592985282,"2045"
"282","South Korea","Ref","iron and steel","MTCO2",2045,"value",77.2997724561088,"2045"
"283","South Korea","1p5","iron and steel","MTCO2",2050,"value",0.900724519663741,"2050"
"284","South Korea","1p5 delay","iron and steel","MTCO2",2050,"value",0.742996200937303,"2050"
"285","South Korea","Ref","iron and steel","MTCO2",2050,"value",71.4229299033184,"2050"
"286","South Korea","1p5","iron and steel","MTCO2",2065,"value",0,"2065"
"287","South Korea","1p5 delay","iron and steel","MTCO2",2065,"value",0,"2065"
"288","South Korea","Ref","iron and steel","MTCO2",2065,"value",0,"2065"
"289","South Korea","1p5","iron and steel","MTCO2",2080,"value",0,"2080"
"290","South Korea","1p5 delay","iron and steel","MTCO2",2080,"value",0,"2080"
"291","South Korea","Ref","iron and steel","MTCO2",2080,"value",0,"2080"
"292","South Korea","1p5","iron and steel","MTCO2",2095,"value",0,"2095"
"293","South Korea","1p5 delay","iron and steel","MTCO2",2095,"value",0,"2095"
"294","South Korea","Ref","iron and steel","MTCO2",2095,"value",0,"2095"
"295","US","1p5","iron and steel","MTCO2",1990,"value",107.289717333333,"1990"
"296","US","1p5 delay","iron and steel","MTCO2",1990,"value",107.289717333333,"1990"
"297","US","Ref","iron and steel","MTCO2",1990,"value",107.289717333333,"1990"
"298","US","1p5","iron and steel","MTCO2",2005,"value",85.4982444235211,"2005"
"299","US","1p5 delay","iron and steel","MTCO2",2005,"value",85.4982444235211,"2005"
"300","US","Ref","iron and steel","MTCO2",2005,"value",85.4982443729065,"2005"
"301","US","1p5","iron and steel","MTCO2",2010,"value",75.9955998085168,"2010"
"302","US","1p5 delay","iron and steel","MTCO2",2010,"value",75.9955998085168,"2010"
"303","US","Ref","iron and steel","MTCO2",2010,"value",75.9955998085168,"2010"
"304","US","1p5","iron and steel","MTCO2",2015,"value",71.1276386132739,"2015"
"305","US","1p5 delay","iron and steel","MTCO2",2015,"value",71.1276386132739,"2015"
"306","US","Ref","iron and steel","MTCO2",2015,"value",71.1276386132739,"2015"
"307","US","1p5","iron and steel","MTCO2",2020,"value",77.9740202405621,"2020"
"308","US","1p5 delay","iron and steel","MTCO2",2020,"value",77.9740202405621,"2020"
"309","US","Ref","iron and steel","MTCO2",2020,"value",78.4967960356268,"2020"
"310","US","1p5","iron and steel","MTCO2",2025,"value",54.4905018014794,"2025"
"311","US","1p5 delay","iron and steel","MTCO2",2025,"value",70.0974449244428,"2025"
"312","US","Ref","iron and steel","MTCO2",2025,"value",80.6564105826153,"2025"
"313","US","1p5","iron and steel","MTCO2",2030,"value",29.4836937255615,"2030"
"314","US","1p5 delay","iron and steel","MTCO2",2030,"value",58.7002827086285,"2030"
"315","US","Ref","iron and steel","MTCO2",2030,"value",81.75557224797,"2030"
"316","US","1p5","iron and steel","MTCO2",2035,"value",10.7249181461787,"2035"
"317","US","1p5 delay","iron and steel","MTCO2",2035,"value",31.9938089466379,"2035"
"318","US","Ref","iron and steel","MTCO2",2035,"value",82.3050853927606,"2035"
"319","US","1p5","iron and steel","MTCO2",2040,"value",3.09040586001355,"2040"
"320","US","1p5 delay","iron and steel","MTCO2",2040,"value",15.3189528504803,"2040"
"321","US","Ref","iron and steel","MTCO2",2040,"value",82.7717305067193,"2040"
"322","US","1p5","iron and steel","MTCO2",2045,"value",1.55420970882932,"2045"
"323","US","1p5 delay","iron and steel","MTCO2",2045,"value",1.79238046595178,"2045"
"324","US","Ref","iron and steel","MTCO2",2045,"value",82.4794081430959,"2045"
"325","US","1p5","iron and steel","MTCO2",2050,"value",0.636412063343418,"2050"
"326","US","1p5 delay","iron and steel","MTCO2",2050,"value",0.555145908890148,"2050"
"327","US","Ref","iron and steel","MTCO2",2050,"value",81.7694219208379,"2050"
"328","US","1p5","iron and steel","MTCO2",2065,"value",0,"2065"
"329","US","1p5 delay","iron and steel","MTCO2",2065,"value",0,"2065"
"330","US","Ref","iron and steel","MTCO2",2065,"value",0,"2065"
"331","US","1p5","iron and steel","MTCO2",2080,"value",0,"2080"
"332","US","1p5 delay","iron and steel","MTCO2",2080,"value",0,"2080"
"333","US","Ref","iron and steel","MTCO2",2080,"value",0,"2080"
"334","US","1p5","iron and steel","MTCO2",2095,"value",0,"2095"
"335","US","1p5 delay","iron and steel","MTCO2",2095,"value",0,"2095"
"336","US","Ref","iron and steel","MTCO2",2095,"value",0,"2095"
"337","China","1p5","iron and steel","MTCO2",1990,"total_indirect",62.9073437793836,"1990"
"338","China","1p5 delay","iron and steel","MTCO2",1990,"total_indirect",62.9073437793836,"1990"
"339","China","Ref","iron and steel","MTCO2",1990,"total_indirect",62.9073437793836,"1990"
"340","China","1p5","iron and steel","MTCO2",2005,"total_indirect",291.55346542972,"2005"
"341","China","1p5 delay","iron and steel","MTCO2",2005,"total_indirect",291.55346542972,"2005"
"342","China","Ref","iron and steel","MTCO2",2005,"total_indirect",291.55346542972,"2005"
"343","China","1p5","iron and steel","MTCO2",2010,"total_indirect",446.245095590545,"2010"
"344","China","1p5 delay","iron and steel","MTCO2",2010,"total_indirect",446.245095590545,"2010"
"345","China","Ref","iron and steel","MTCO2",2010,"total_indirect",446.245095590545,"2010"
"346","China","1p5","iron and steel","MTCO2",2015,"total_indirect",448.584829913013,"2015"
"347","China","1p5 delay","iron and steel","MTCO2",2015,"total_indirect",448.584829913013,"2015"
"348","China","Ref","iron and steel","MTCO2",2015,"total_indirect",448.584829913013,"2015"
"349","China","1p5","iron and steel","MTCO2",2020,"total_indirect",575.262389940684,"2020"
"350","China","1p5 delay","iron and steel","MTCO2",2020,"total_indirect",575.262389969913,"2020"
"351","China","Ref","iron and steel","MTCO2",2020,"total_indirect",566.564081048762,"2020"
"352","China","1p5","iron and steel","MTCO2",2025,"total_indirect",371.099846247693,"2025"
"353","China","1p5 delay","iron and steel","MTCO2",2025,"total_indirect",556.792669165212,"2025"
"354","China","Ref","iron and steel","MTCO2",2025,"total_indirect",544.254543094938,"2025"
"355","China","1p5","iron and steel","MTCO2",2030,"total_indirect",160.932733033721,"2030"
"356","China","1p5 delay","iron and steel","MTCO2",2030,"total_indirect",537.629480039061,"2030"
"357","China","Ref","iron and steel","MTCO2",2030,"total_indirect",494.045093231842,"2030"
"358","China","1p5","iron and steel","MTCO2",2035,"total_indirect",24.3507020248952,"2035"
"359","China","1p5 delay","iron and steel","MTCO2",2035,"total_indirect",323.970229291606,"2035"
"360","China","Ref","iron and steel","MTCO2",2035,"total_indirect",435.623722345967,"2035"
"361","China","1p5","iron and steel","MTCO2",2040,"total_indirect",-35.4292300286362,"2040"
"362","China","1p5 delay","iron and steel","MTCO2",2040,"total_indirect",73.6343377621999,"2040"
"363","China","Ref","iron and steel","MTCO2",2040,"total_indirect",383.15596676845,"2040"
"364","China","1p5","iron and steel","MTCO2",2045,"total_indirect",-98.1094703310459,"2045"
"365","China","1p5 delay","iron and steel","MTCO2",2045,"total_indirect",-63.3414451514103,"2045"
"366","China","Ref","iron and steel","MTCO2",2045,"total_indirect",332.595840913083,"2045"
"367","China","1p5","iron and steel","MTCO2",2050,"total_indirect",-114.561851033545,"2050"
"368","China","1p5 delay","iron and steel","MTCO2",2050,"total_indirect",-90.4902518274676,"2050"
"369","China","Ref","iron and steel","MTCO2",2050,"total_indirect",283.944671719145,"2050"
"370","China","1p5","iron and steel","MTCO2",2065,"total_indirect",NA,"2065"
"371","China","1p5 delay","iron and steel","MTCO2",2065,"total_indirect",NA,"2065"
"372","China","Ref","iron and steel","MTCO2",2065,"total_indirect",NA,"2065"
"373","China","1p5","iron and steel","MTCO2",2080,"total_indirect",NA,"2080"
"374","China","1p5 delay","iron and steel","MTCO2",2080,"total_indirect",NA,"2080"
"375","China","Ref","iron and steel","MTCO2",2080,"total_indirect",NA,"2080"
"376","China","1p5","iron and steel","MTCO2",2095,"total_indirect",NA,"2095"
"377","China","1p5 delay","iron and steel","MTCO2",2095,"total_indirect",NA,"2095"
"378","China","Ref","iron and steel","MTCO2",2095,"total_indirect",NA,"2095"
"379","EU-27","1p5","iron and steel","MTCO2",1990,"total_indirect",75.7426885581642,"1990"
"380","EU-27","1p5 delay","iron and steel","MTCO2",1990,"total_indirect",75.7426885581642,"1990"
"381","EU-27","Ref","iron and steel","MTCO2",1990,"total_indirect",75.7426885581642,"1990"
"382","EU-27","1p5","iron and steel","MTCO2",2005,"total_indirect",63.5134431086579,"2005"
"383","EU-27","1p5 delay","iron and steel","MTCO2",2005,"total_indirect",63.5134431086579,"2005"
"384","EU-27","Ref","iron and steel","MTCO2",2005,"total_indirect",63.5134431086579,"2005"
"385","EU-27","1p5","iron and steel","MTCO2",2010,"total_indirect",48.6047690601481,"2010"
"386","EU-27","1p5 delay","iron and steel","MTCO2",2010,"total_indirect",48.6047690601481,"2010"
"387","EU-27","Ref","iron and steel","MTCO2",2010,"total_indirect",48.6047690601481,"2010"
"388","EU-27","1p5","iron and steel","MTCO2",2015,"total_indirect",41.6734498853963,"2015"
"389","EU-27","1p5 delay","iron and steel","MTCO2",2015,"total_indirect",41.6734498853963,"2015"
"390","EU-27","Ref","iron and steel","MTCO2",2015,"total_indirect",41.6734498853963,"2015"
"391","EU-27","1p5","iron and steel","MTCO2",2020,"total_indirect",42.5626654005435,"2020"
"392","EU-27","1p5 delay","iron and steel","MTCO2",2020,"total_indirect",42.5626661305539,"2020"
"393","EU-27","Ref","iron and steel","MTCO2",2020,"total_indirect",42.7536466497538,"2020"
"394","EU-27","1p5","iron and steel","MTCO2",2025,"total_indirect",27.4296142921972,"2025"
"395","EU-27","1p5 delay","iron and steel","MTCO2",2025,"total_indirect",42.8182693122587,"2025"
"396","EU-27","Ref","iron and steel","MTCO2",2025,"total_indirect",43.7422028199809,"2025"
"397","EU-27","1p5","iron and steel","MTCO2",2030,"total_indirect",11.8210179728307,"2030"
"398","EU-27","1p5 delay","iron and steel","MTCO2",2030,"total_indirect",43.0613206194071,"2030"
"399","EU-27","Ref","iron and steel","MTCO2",2030,"total_indirect",42.8912067788698,"2030"
"400","EU-27","1p5","iron and steel","MTCO2",2035,"total_indirect",1.29599642508873,"2035"
"401","EU-27","1p5 delay","iron and steel","MTCO2",2035,"total_indirect",22.6207873857401,"2035"
"402","EU-27","Ref","iron and steel","MTCO2",2035,"total_indirect",40.8773487189261,"2035"
"403","EU-27","1p5","iron and steel","MTCO2",2040,"total_indirect",-4.21893366402946,"2040"
"404","EU-27","1p5 delay","iron and steel","MTCO2",2040,"total_indirect",4.67990199435583,"2040"
"405","EU-27","Ref","iron and steel","MTCO2",2040,"total_indirect",38.323106969734,"2040"
"406","EU-27","1p5","iron and steel","MTCO2",2045,"total_indirect",-7.47967522321278,"2045"
"407","EU-27","1p5 delay","iron and steel","MTCO2",2045,"total_indirect",-6.17785737431506,"2045"
"408","EU-27","Ref","iron and steel","MTCO2",2045,"total_indirect",37.2925401724185,"2045"
"409","EU-27","1p5","iron and steel","MTCO2",2050,"total_indirect",-7.43752013937451,"2050"
"410","EU-27","1p5 delay","iron and steel","MTCO2",2050,"total_indirect",-7.59057523881999,"2050"
"411","EU-27","Ref","iron and steel","MTCO2",2050,"total_indirect",34.7362035347192,"2050"
"412","EU-27","1p5","iron and steel","MTCO2",2065,"total_indirect",NA,"2065"
"413","EU-27","1p5 delay","iron and steel","MTCO2",2065,"total_indirect",NA,"2065"
"414","EU-27","Ref","iron and steel","MTCO2",2065,"total_indirect",NA,"2065"
"415","EU-27","1p5","iron and steel","MTCO2",2080,"total_indirect",NA,"2080"
"416","EU-27","1p5 delay","iron and steel","MTCO2",2080,"total_indirect",NA,"2080"
"417","EU-27","Ref","iron and steel","MTCO2",2080,"total_indirect",NA,"2080"
"418","EU-27","1p5","iron and steel","MTCO2",2095,"total_indirect",NA,"2095"
"419","EU-27","1p5 delay","iron and steel","MTCO2",2095,"total_indirect",NA,"2095"
"420","EU-27","Ref","iron and steel","MTCO2",2095,"total_indirect",NA,"2095"
"421","Global","1p5","iron and steel","MTCO2",1990,"total_indirect",361.702975295691,"1990"
"422","Global","1p5 delay","iron and steel","MTCO2",1990,"total_indirect",361.702975295691,"1990"
"423","Global","Ref","iron and steel","MTCO2",1990,"total_indirect",361.702975295691,"1990"
"424","Global","1p5","iron and steel","MTCO2",2005,"total_indirect",510.162734901143,"2005"
"425","Global","1p5 delay","iron and steel","MTCO2",2005,"total_indirect",510.162752235412,"2005"
"426","Global","Ref","iron and steel","MTCO2",2005,"total_indirect",510.162729748431,"2005"
"427","Global","1p5","iron and steel","MTCO2",2010,"total_indirect",670.170379352691,"2010"
"428","Global","1p5 delay","iron and steel","MTCO2",2010,"total_indirect",670.170378922374,"2010"
"429","Global","Ref","iron and steel","MTCO2",2010,"total_indirect",670.17038011493,"2010"
"430","Global","1p5","iron and steel","MTCO2",2015,"total_indirect",689.973381546802,"2015"
"431","Global","1p5 delay","iron and steel","MTCO2",2015,"total_indirect",689.973381230325,"2015"
"432","Global","Ref","iron and steel","MTCO2",2015,"total_indirect",689.973357768299,"2015"
"433","Global","1p5","iron and steel","MTCO2",2020,"total_indirect",795.489643222901,"2020"
"434","Global","1p5 delay","iron and steel","MTCO2",2020,"total_indirect",795.490203451244,"2020"
"435","Global","Ref","iron and steel","MTCO2",2020,"total_indirect",789.83337180865,"2020"
"436","Global","1p5","iron and steel","MTCO2",2025,"total_indirect",529.425702886081,"2025"
"437","Global","1p5 delay","iron and steel","MTCO2",2025,"total_indirect",828.339835289522,"2025"
"438","Global","Ref","iron and steel","MTCO2",2025,"total_indirect",825.618550612557,"2025"
"439","Global","1p5","iron and steel","MTCO2",2030,"total_indirect",273.228396722611,"2030"
"440","Global","1p5 delay","iron and steel","MTCO2",2030,"total_indirect",861.854460369817,"2030"
"441","Global","Ref","iron and steel","MTCO2",2030,"total_indirect",828.791566964988,"2030"
"442","Global","1p5","iron and steel","MTCO2",2035,"total_indirect",69.5612874688395,"2035"
"443","Global","1p5 delay","iron and steel","MTCO2",2035,"total_indirect",517.133479913055,"2035"
"444","Global","Ref","iron and steel","MTCO2",2035,"total_indirect",818.966252990456,"2035"
"445","Global","1p5","iron and steel","MTCO2",2040,"total_indirect",-73.2060055911213,"2040"
"446","Global","1p5 delay","iron and steel","MTCO2",2040,"total_indirect",166.316992603868,"2040"
"447","Global","Ref","iron and steel","MTCO2",2040,"total_indirect",813.959219840855,"2040"
"448","Global","1p5","iron and steel","MTCO2",2045,"total_indirect",-206.618074505387,"2045"
"449","Global","1p5 delay","iron and steel","MTCO2",2045,"total_indirect",-130.457540375,"2045"
"450","Global","Ref","iron and steel","MTCO2",2045,"total_indirect",824.660541847711,"2045"
"451","Global","1p5","iron and steel","MTCO2",2050,"total_indirect",-256.297369315773,"2050"
"452","Global","1p5 delay","iron and steel","MTCO2",2050,"total_indirect",-234.586867998552,"2050"
"453","Global","Ref","iron and steel","MTCO2",2050,"total_indirect",840.302524269936,"2050"
"454","Global","1p5","iron and steel","MTCO2",2065,"total_indirect",NA,"2065"
"455","Global","1p5 delay","iron and steel","MTCO2",2065,"total_indirect",NA,"2065"
"456","Global","Ref","iron and steel","MTCO2",2065,"total_indirect",NA,"2065"
"457","Global","1p5","iron and steel","MTCO2",2080,"total_indirect",NA,"2080"
"458","Global","1p5 delay","iron and steel","MTCO2",2080,"total_indirect",NA,"2080"
"459","Global","Ref","iron and steel","MTCO2",2080,"total_indirect",NA,"2080"
"460","Global","1p5","iron and steel","MTCO2",2095,"total_indirect",NA,"2095"
"461","Global","1p5 delay","iron and steel","MTCO2",2095,"total_indirect",NA,"2095"
"462","Global","Ref","iron and steel","MTCO2",2095,"total_indirect",NA,"2095"
"463","India","1p5","iron and steel","MTCO2",1990,"total_indirect",0,"1990"
"464","India","1p5 delay","iron and steel","MTCO2",1990,"total_indirect",0,"1990"
"465","India","Ref","iron and steel","MTCO2",1990,"total_indirect",0,"1990"
"466","India","1p5","iron and steel","MTCO2",2005,"total_indirect",0,"2005"
"467","India","1p5 delay","iron and steel","MTCO2",2005,"total_indirect",0,"2005"
"468","India","Ref","iron and steel","MTCO2",2005,"total_indirect",0,"2005"
"469","India","1p5","iron and steel","MTCO2",2010,"total_indirect",64.0349459786031,"2010"
"470","India","1p5 delay","iron and steel","MTCO2",2010,"total_indirect",64.0349459786031,"2010"
"471","India","Ref","iron and steel","MTCO2",2010,"total_indirect",64.0349459786031,"2010"
"472","India","1p5","iron and steel","MTCO2",2015,"total_indirect",66.6696935705062,"2015"
"473","India","1p5 delay","iron and steel","MTCO2",2015,"total_indirect",66.6696935705062,"2015"
"474","India","Ref","iron and steel","MTCO2",2015,"total_indirect",66.6696935705062,"2015"
"475","India","1p5","iron and steel","MTCO2",2020,"total_indirect",83.1326965741941,"2020"
"476","India","1p5 delay","iron and steel","MTCO2",2020,"total_indirect",83.1326722953274,"2020"
"477","India","Ref","iron and steel","MTCO2",2020,"total_indirect",82.4312370797696,"2020"
"478","India","1p5","iron and steel","MTCO2",2025,"total_indirect",85.0450855710893,"2025"
"479","India","1p5 delay","iron and steel","MTCO2",2025,"total_indirect",132.748756133878,"2025"
"480","India","Ref","iron and steel","MTCO2",2025,"total_indirect",132.495482482417,"2025"
"481","India","1p5","iron and steel","MTCO2",2030,"total_indirect",49.7719916884331,"2030"
"482","India","1p5 delay","iron and steel","MTCO2",2030,"total_indirect",166.043013105841,"2030"
"483","India","Ref","iron and steel","MTCO2",2030,"total_indirect",166.952396815819,"2030"
"484","India","1p5","iron and steel","MTCO2",2035,"total_indirect",12.5933511793979,"2035"
"485","India","1p5 delay","iron and steel","MTCO2",2035,"total_indirect",132.802443664944,"2035"
"486","India","Ref","iron and steel","MTCO2",2035,"total_indirect",195.588608144052,"2035"
"487","India","1p5","iron and steel","MTCO2",2040,"total_indirect",-8.46208037109611,"2040"
"488","India","1p5 delay","iron and steel","MTCO2",2040,"total_indirect",49.1800887379762,"2040"
"489","India","Ref","iron and steel","MTCO2",2040,"total_indirect",219.059621280005,"2040"
"490","India","1p5","iron and steel","MTCO2",2045,"total_indirect",-23.8259258553288,"2045"
"491","India","1p5 delay","iron and steel","MTCO2",2045,"total_indirect",-17.6202097344703,"2045"
"492","India","Ref","iron and steel","MTCO2",2045,"total_indirect",237.797166892536,"2045"
"493","India","1p5","iron and steel","MTCO2",2050,"total_indirect",-27.6429862292257,"2050"
"494","India","1p5 delay","iron and steel","MTCO2",2050,"total_indirect",-39.2656669680455,"2050"
"495","India","Ref","iron and steel","MTCO2",2050,"total_indirect",250.741505109002,"2050"
"496","India","1p5","iron and steel","MTCO2",2065,"total_indirect",NA,"2065"
"497","India","1p5 delay","iron and steel","MTCO2",2065,"total_indirect",NA,"2065"
"498","India","Ref","iron and steel","MTCO2",2065,"total_indirect",NA,"2065"
"499","India","1p5","iron and steel","MTCO2",2080,"total_indirect",NA,"2080"
"500","India","1p5 delay","iron and steel","MTCO2",2080,"total_indirect",NA,"2080"
"501","India","Ref","iron and steel","MTCO2",2080,"total_indirect",NA,"2080"
"502","India","1p5","iron and steel","MTCO2",2095,"total_indirect",NA,"2095"
"503","India","1p5 delay","iron and steel","MTCO2",2095,"total_indirect",NA,"2095"
"504","India","Ref","iron and steel","MTCO2",2095,"total_indirect",NA,"2095"
"505","Japan","1p5","iron and steel","MTCO2",1990,"total_indirect",34.4132677197938,"1990"
"506","Japan","1p5 delay","iron and steel","MTCO2",1990,"total_indirect",34.4132677197938,"1990"
"507","Japan","Ref","iron and steel","MTCO2",1990,"total_indirect",34.4132677197938,"1990"
"508","Japan","1p5","iron and steel","MTCO2",2005,"total_indirect",33.1479774271222,"2005"
"509","Japan","1p5 delay","iron and steel","MTCO2",2005,"total_indirect",33.1479774271222,"2005"
"510","Japan","Ref","iron and steel","MTCO2",2005,"total_indirect",33.1479774271222,"2005"
"511","Japan","1p5","iron and steel","MTCO2",2010,"total_indirect",31.9040289462054,"2010"
"512","Japan","1p5 delay","iron and steel","MTCO2",2010,"total_indirect",31.9040289462054,"2010"
"513","Japan","Ref","iron and steel","MTCO2",2010,"total_indirect",31.9040289462054,"2010"
"514","Japan","1p5","iron and steel","MTCO2",2015,"total_indirect",38.8115937505332,"2015"
"515","Japan","1p5 delay","iron and steel","MTCO2",2015,"total_indirect",38.8115937505332,"2015"
"516","Japan","Ref","iron and steel","MTCO2",2015,"total_indirect",38.8115937505332,"2015"
"517","Japan","1p5","iron and steel","MTCO2",2020,"total_indirect",37.0182938865603,"2020"
"518","Japan","1p5 delay","iron and steel","MTCO2",2020,"total_indirect",37.0182939474517,"2020"
"519","Japan","Ref","iron and steel","MTCO2",2020,"total_indirect",37.0388582775573,"2020"
"520","Japan","1p5","iron and steel","MTCO2",2025,"total_indirect",28.3293156799989,"2025"
"521","Japan","1p5 delay","iron and steel","MTCO2",2025,"total_indirect",33.7671717469612,"2025"
"522","Japan","Ref","iron and steel","MTCO2",2025,"total_indirect",35.6388910031913,"2025"
"523","Japan","1p5","iron and steel","MTCO2",2030,"total_indirect",18.6455416048567,"2030"
"524","Japan","1p5 delay","iron and steel","MTCO2",2030,"total_indirect",31.5940637178192,"2030"
"525","Japan","Ref","iron and steel","MTCO2",2030,"total_indirect",33.364769017341,"2030"
"526","Japan","1p5","iron and steel","MTCO2",2035,"total_indirect",6.82583802730248,"2035"
"527","Japan","1p5 delay","iron and steel","MTCO2",2035,"total_indirect",21.9897230864323,"2035"
"528","Japan","Ref","iron and steel","MTCO2",2035,"total_indirect",31.082473810127,"2035"
"529","Japan","1p5","iron and steel","MTCO2",2040,"total_indirect",-0.335019741243598,"2040"
"530","Japan","1p5 delay","iron and steel","MTCO2",2040,"total_indirect",8.43850658379903,"2040"
"531","Japan","Ref","iron and steel","MTCO2",2040,"total_indirect",28.7307989006107,"2040"
"532","Japan","1p5","iron and steel","MTCO2",2045,"total_indirect",-3.30102224844757,"2045"
"533","Japan","1p5 delay","iron and steel","MTCO2",2045,"total_indirect",-1.94903863642644,"2045"
"534","Japan","Ref","iron and steel","MTCO2",2045,"total_indirect",27.0020575634823,"2045"
"535","Japan","1p5","iron and steel","MTCO2",2050,"total_indirect",-5.02331732250644,"2050"
"536","Japan","1p5 delay","iron and steel","MTCO2",2050,"total_indirect",-4.6176727668733,"2050"
"537","Japan","Ref","iron and steel","MTCO2",2050,"total_indirect",25.0913840814497,"2050"
"538","Japan","1p5","iron and steel","MTCO2",2065,"total_indirect",NA,"2065"
"539","Japan","1p5 delay","iron and steel","MTCO2",2065,"total_indirect",NA,"2065"
"540","Japan","Ref","iron and steel","MTCO2",2065,"total_indirect",NA,"2065"
"541","Japan","1p5","iron and steel","MTCO2",2080,"total_indirect",NA,"2080"
"542","Japan","1p5 delay","iron and steel","MTCO2",2080,"total_indirect",NA,"2080"
"543","Japan","Ref","iron and steel","MTCO2",2080,"total_indirect",NA,"2080"
"544","Japan","1p5","iron and steel","MTCO2",2095,"total_indirect",NA,"2095"
"545","Japan","1p5 delay","iron and steel","MTCO2",2095,"total_indirect",NA,"2095"
"546","Japan","Ref","iron and steel","MTCO2",2095,"total_indirect",NA,"2095"
"547","ROW","1p5","iron and steel","MTCO2",1990,"total_indirect",129.272880572684,"1990"
"548","ROW","1p5 delay","iron and steel","MTCO2",1990,"total_indirect",129.272880572684,"1990"
"549","ROW","Ref","iron and steel","MTCO2",1990,"total_indirect",129.272880572684,"1990"
"550","ROW","1p5","iron and steel","MTCO2",2005,"total_indirect",115.009999507264,"2005"
"551","ROW","1p5 delay","iron and steel","MTCO2",2005,"total_indirect",115.009999506746,"2005"
"552","ROW","Ref","iron and steel","MTCO2",2005,"total_indirect",115.00999518788,"2005"
"553","ROW","1p5","iron and steel","MTCO2",2010,"total_indirect",132.620493339519,"2010"
"554","ROW","1p5 delay","iron and steel","MTCO2",2010,"total_indirect",132.620493302733,"2010"
"555","ROW","Ref","iron and steel","MTCO2",2010,"total_indirect",132.620496595279,"2010"
"556","ROW","1p5","iron and steel","MTCO2",2015,"total_indirect",129.261625894459,"2015"
"557","ROW","1p5 delay","iron and steel","MTCO2",2015,"total_indirect",129.261625856493,"2015"
"558","ROW","Ref","iron and steel","MTCO2",2015,"total_indirect",129.261610229426,"2015"
"559","ROW","1p5","iron and steel","MTCO2",2020,"total_indirect",126.766160046785,"2020"
"560","ROW","1p5 delay","iron and steel","MTCO2",2020,"total_indirect",126.766514381238,"2020"
"561","ROW","Ref","iron and steel","MTCO2",2020,"total_indirect",127.251493499248,"2020"
"562","ROW","1p5","iron and steel","MTCO2",2025,"total_indirect",76.8205511763792,"2025"
"563","ROW","1p5 delay","iron and steel","MTCO2",2025,"total_indirect",136.453226999246,"2025"
"564","ROW","Ref","iron and steel","MTCO2",2025,"total_indirect",137.380739422152,"2025"
"565","ROW","1p5","iron and steel","MTCO2",2030,"total_indirect",43.3909267716085,"2030"
"566","ROW","1p5 delay","iron and steel","MTCO2",2030,"total_indirect",153.438452663677,"2030"
"567","ROW","Ref","iron and steel","MTCO2",2030,"total_indirect",150.080911946226,"2030"
"568","ROW","1p5","iron and steel","MTCO2",2035,"total_indirect",11.2068602433051,"2035"
"569","ROW","1p5 delay","iron and steel","MTCO2",2035,"total_indirect",78.7786506988986,"2035"
"570","ROW","Ref","iron and steel","MTCO2",2035,"total_indirect",164.268046981146,"2035"
"571","ROW","1p5","iron and steel","MTCO2",2040,"total_indirect",-24.7223160265517,"2040"
"572","ROW","1p5 delay","iron and steel","MTCO2",2040,"total_indirect",30.0761223563619,"2040"
"573","ROW","Ref","iron and steel","MTCO2",2040,"total_indirect",184.193041924404,"2040"
"574","ROW","1p5","iron and steel","MTCO2",2045,"total_indirect",-68.507159731936,"2045"
"575","ROW","1p5 delay","iron and steel","MTCO2",2045,"total_indirect",-42.1697094296288,"2045"
"576","ROW","Ref","iron and steel","MTCO2",2045,"total_indirect",214.966352987425,"2045"
"577","ROW","1p5","iron and steel","MTCO2",2050,"total_indirect",-89.6586894585366,"2050"
"578","ROW","1p5 delay","iron and steel","MTCO2",2050,"total_indirect",-82.1484351292509,"2050"
"579","ROW","Ref","iron and steel","MTCO2",2050,"total_indirect",255.350555798169,"2050"
"580","ROW","1p5","iron and steel","MTCO2",2065,"total_indirect",NA,"2065"
"581","ROW","1p5 delay","iron and steel","MTCO2",2065,"total_indirect",NA,"2065"
"582","ROW","Ref","iron and steel","MTCO2",2065,"total_indirect",NA,"2065"
"583","ROW","1p5","iron and steel","MTCO2",2080,"total_indirect",NA,"2080"
"584","ROW","1p5 delay","iron and steel","MTCO2",2080,"total_indirect",NA,"2080"
"585","ROW","Ref","iron and steel","MTCO2",2080,"total_indirect",NA,"2080"
"586","ROW","1p5","iron and steel","MTCO2",2095,"total_indirect",NA,"2095"
"587","ROW","1p5 delay","iron and steel","MTCO2",2095,"total_indirect",NA,"2095"
"588","ROW","Ref","iron and steel","MTCO2",2095,"total_indirect",NA,"2095"
"589","South Korea","1p5","iron and steel","MTCO2",1990,"total_indirect",3.66802888504397,"1990"
"590","South Korea","1p5 delay","iron and steel","MTCO2",1990,"total_indirect",3.66802888504397,"1990"
"591","South Korea","Ref","iron and steel","MTCO2",1990,"total_indirect",3.66802888504397,"1990"
"592","South Korea","1p5","iron and steel","MTCO2",2005,"total_indirect",21.1355513685371,"2005"
"593","South Korea","1p5 delay","iron and steel","MTCO2",2005,"total_indirect",21.1355632781355,"2005"
"594","South Korea","Ref","iron and steel","MTCO2",2005,"total_indirect",21.1355513438098,"2005"
"595","South Korea","1p5","iron and steel","MTCO2",2010,"total_indirect",26.9680498737961,"2010"
"596","South Korea","1p5 delay","iron and steel","MTCO2",2010,"total_indirect",26.9680491471291,"2010"
"597","South Korea","Ref","iron and steel","MTCO2",2010,"total_indirect",26.9680491471291,"2010"
"598","South Korea","1p5","iron and steel","MTCO2",2015,"total_indirect",27.8468862778933,"2015"
"599","South Korea","1p5 delay","iron and steel","MTCO2",2015,"total_indirect",27.8468857558232,"2015"
"600","South Korea","Ref","iron and steel","MTCO2",2015,"total_indirect",27.8468857558232,"2015"
"601","South Korea","1p5","iron and steel","MTCO2",2020,"total_indirect",29.0575317974179,"2020"
"602","South Korea","1p5 delay","iron and steel","MTCO2",2020,"total_indirect",29.0575290940643,"2020"
"603","South Korea","Ref","iron and steel","MTCO2",2020,"total_indirect",29.4313060606477,"2020"
"604","South Korea","1p5","iron and steel","MTCO2",2025,"total_indirect",21.6354313437834,"2025"
"605","South Korea","1p5 delay","iron and steel","MTCO2",2025,"total_indirect",28.0945958004901,"2025"
"606","South Korea","Ref","iron and steel","MTCO2",2025,"total_indirect",29.0602607905135,"2025"
"607","South Korea","1p5","iron and steel","MTCO2",2030,"total_indirect",14.2896126923818,"2030"
"608","South Korea","1p5 delay","iron and steel","MTCO2",2030,"total_indirect",26.870311005621,"2030"
"609","South Korea","Ref","iron and steel","MTCO2",2030,"total_indirect",28.0139608904492,"2030"
"610","South Korea","1p5","iron and steel","MTCO2",2035,"total_indirect",7.07938967966975,"2035"
"611","South Korea","1p5 delay","iron and steel","MTCO2",2035,"total_indirect",18.5896595926746,"2035"
"612","South Korea","Ref","iron and steel","MTCO2",2035,"total_indirect",26.3350512329194,"2035"
"613","South Korea","1p5","iron and steel","MTCO2",2040,"total_indirect",0.94837222646505,"2040"
"614","South Korea","1p5 delay","iron and steel","MTCO2",2040,"total_indirect",8.9094586770836,"2040"
"615","South Korea","Ref","iron and steel","MTCO2",2040,"total_indirect",24.3672574248733,"2040"
"616","South Korea","1p5","iron and steel","MTCO2",2045,"total_indirect",-1.3749471916874,"2045"
"617","South Korea","1p5 delay","iron and steel","MTCO2",2045,"total_indirect",-0.52136635852249,"2045"
"618","South Korea","Ref","iron and steel","MTCO2",2045,"total_indirect",22.4950455128324,"2045"
"619","South Korea","1p5","iron and steel","MTCO2",2050,"total_indirect",-1.6759246195217,"2050"
"620","South Korea","1p5 delay","iron and steel","MTCO2",2050,"total_indirect",-1.50942131907609,"2050"
"621","South Korea","Ref","iron and steel","MTCO2",2050,"total_indirect",20.4254778842326,"2050"
"622","South Korea","1p5","iron and steel","MTCO2",2065,"total_indirect",NA,"2065"
"623","South Korea","1p5 delay","iron and steel","MTCO2",2065,"total_indirect",NA,"2065"
"624","South Korea","Ref","iron and steel","MTCO2",2065,"total_indirect",NA,"2065"
"625","South Korea","1p5","iron and steel","MTCO2",2080,"total_indirect",NA,"2080"
"626","South Korea","1p5 delay","iron and steel","MTCO2",2080,"total_indirect",NA,"2080"
"627","South Korea","Ref","iron and steel","MTCO2",2080,"total_indirect",NA,"2080"
"628","South Korea","1p5","iron and steel","MTCO2",2095,"total_indirect",NA,"2095"
"629","South Korea","1p5 delay","iron and steel","MTCO2",2095,"total_indirect",NA,"2095"
"630","South Korea","Ref","iron and steel","MTCO2",2095,"total_indirect",NA,"2095"
"631","US","1p5","iron and steel","MTCO2",1990,"total_indirect",50.8051179061383,"1990"
"632","US","1p5 delay","iron and steel","MTCO2",1990,"total_indirect",50.8051179061383,"1990"
"633","US","Ref","iron and steel","MTCO2",1990,"total_indirect",50.8051179061383,"1990"
"634","US","1p5","iron and steel","MTCO2",2005,"total_indirect",38.875147222725,"2005"
"635","US","1p5 delay","iron and steel","MTCO2",2005,"total_indirect",38.875147222725,"2005"
"636","US","Ref","iron and steel","MTCO2",2005,"total_indirect",38.8751472228259,"2005"
"637","US","1p5","iron and steel","MTCO2",2010,"total_indirect",29.307826474713,"2010"
"638","US","1p5 delay","iron and steel","MTCO2",2010,"total_indirect",29.307826474713,"2010"
"639","US","Ref","iron and steel","MTCO2",2010,"total_indirect",29.307826474713,"2010"
"640","US","1p5","iron and steel","MTCO2",2015,"total_indirect",27.6789544666164,"2015"
"641","US","1p5 delay","iron and steel","MTCO2",2015,"total_indirect",27.6789544666164,"2015"
"642","US","Ref","iron and steel","MTCO2",2015,"total_indirect",27.6789544666164,"2015"
"643","US","1p5","iron and steel","MTCO2",2020,"total_indirect",28.8726343861601,"2020"
"644","US","1p5 delay","iron and steel","MTCO2",2020,"total_indirect",28.8726344415417,"2020"
"645","US","Ref","iron and steel","MTCO2",2020,"total_indirect",29.1263352384044,"2020"
"646","US","1p5","iron and steel","MTCO2",2025,"total_indirect",18.9982754940836,"2025"
"647","US","1p5 delay","iron and steel","MTCO2",2025,"total_indirect",28.0189351115118,"2025"
"648","US","Ref","iron and steel","MTCO2",2025,"total_indirect",29.2286706526982,"2025"
"649","US","1p5","iron and steel","MTCO2",2030,"total_indirect",10.0867925387547,"2030"
"650","US","1p5 delay","iron and steel","MTCO2",2030,"total_indirect",29.6522325775835,"2030"
"651","US","Ref","iron and steel","MTCO2",2030,"total_indirect",29.5847227072025,"2030"
"652","US","1p5","iron and steel","MTCO2",2035,"total_indirect",3.1507362155582,"2035"
"653","US","1p5 delay","iron and steel","MTCO2",2035,"total_indirect",17.032724357766,"2035"
"654","US","Ref","iron and steel","MTCO2",2035,"total_indirect",29.8268638708463,"2035"
"655","US","1p5","iron and steel","MTCO2",2040,"total_indirect",-3.20661979340251,"2040"
"656","US","1p5 delay","iron and steel","MTCO2",2040,"total_indirect",5.83613679972253,"2040"
"657","US","Ref","iron and steel","MTCO2",2040,"total_indirect",29.4492780635449,"2040"
"658","US","1p5","iron and steel","MTCO2",2045,"total_indirect",-8.27803466730713,"2045"
"659","US","1p5 delay","iron and steel","MTCO2",2045,"total_indirect",-4.69970810911134,"2045"
"660","US","Ref","iron and steel","MTCO2",2045,"total_indirect",29.6010342371415,"2045"
"661","US","1p5","iron and steel","MTCO2",2050,"total_indirect",-9.5702966393484,"2050"
"662","US","1p5 delay","iron and steel","MTCO2",2050,"total_indirect",-7.2273277231687,"2050"
"663","US","Ref","iron and steel","MTCO2",2050,"total_indirect",29.2267569851701,"2050"
"664","US","1p5","iron and steel","MTCO2",2065,"total_indirect",NA,"2065"
"665","US","1p5 delay","iron and steel","MTCO2",2065,"total_indirect",NA,"2065"
"666","US","Ref","iron and steel","MTCO2",2065,"total_indirect",NA,"2065"
"667","US","1p5","iron and steel","MTCO2",2080,"total_indirect",NA,"2080"
"668","US","1p5 delay","iron and steel","MTCO2",2080,"total_indirect",NA,"2080"
"669","US","Ref","iron and steel","MTCO2",2080,"total_indirect",NA,"2080"
"670","US","1p5","iron and steel","MTCO2",2095,"total_indirect",NA,"2095"
"671","US","1p5 delay","iron and steel","MTCO2",2095,"total_indirect",NA,"2095"
"672","US","Ref","iron and steel","MTCO2",2095,"total_indirect",NA,"2095"
